{"cameraMode":{"drawMode":0,"name":"Shaded","section":"Shading Mode"},"sceneLighting":true,"audioPlay":false,"sceneViewState":{"m_AlwaysRefresh":false,"showFog":true,"showSkybox":true,"showFlares":true,"showImageEffects":true,"showParticleSystems":true,"showVisualEffectGraphs":true,"m_FxEnabled":true},"in2DMode":false,"pivot":{"x":6.766983985900879,"y":7.75416374206543,"z":-21.386899948120118},"rotation":{"x":0.07936125248670578,"y":0.03737286105751991,"z":-0.0029774014838039877,"w":0.9961493015289307},"size":12.359477043151856,"orthographic":false}