{"cameraMode":{"drawMode":0,"name":"Shaded","section":"Shading Mode"},"sceneLighting":true,"audioPlay":false,"sceneViewState":{"m_AlwaysRefresh":false,"showFog":true,"showSkybox":true,"showFlares":true,"showImageEffects":true,"showParticleSystems":true,"showVisualEffectGraphs":true,"m_FxEnabled":true},"in2DMode":false,"pivot":{"x":4.11104154586792,"y":11.150604248046875,"z":-6.0081610679626469},"rotation":{"x":0.17607630789279939,"y":0.0044295452535152439,"z":-0.0007920408970676363,"w":0.984370768070221},"size":2.4214699268341066,"orthographic":false}