{"cameraMode":{"drawMode":0,"name":"Shaded","section":"Shading Mode"},"sceneLighting":false,"audioPlay":false,"sceneViewState":{"m_AlwaysRefresh":false,"showFog":true,"showSkybox":false,"showFlares":true,"showImageEffects":true,"showParticleSystems":true,"showVisualEffectGraphs":true,"m_FxEnabled":true},"in2DMode":false,"pivot":{"x":23.418563842773439,"y":3.1799516677856447,"z":-0.3577815890312195},"rotation":{"x":0.23210565745830537,"y":-0.6192255616188049,"z":0.19869756698608399,"w":0.7233461737632752},"size":2.424891710281372,"orthographic":false}