{"cameraMode":{"drawMode":0,"name":"Shaded","section":"Shading Mode"},"sceneLighting":false,"audioPlay":false,"sceneViewState":{"m_AlwaysRefresh":false,"showFog":true,"showSkybox":false,"showFlares":true,"showImageEffects":true,"showParticleSystems":true,"showVisualEffectGraphs":true,"m_FxEnabled":true},"in2DMode":false,"pivot":{"x":21.05088233947754,"y":0.43250662088394167,"z":0.8440341353416443},"rotation":{"x":0.16821375489234925,"y":-0.2909046411514282,"z":0.05203475430607796,"w":0.9404147267341614},"size":1.3460837602615357,"orthographic":false}